<catalog>
    <widget>
        <name>ImageWidget</name>
        <extendedItemName>CXPContentWidget</extendedItemName>
        <properties>
            <property label="Title" name="title" viewHint="role=user">
                <value type="string">Custom Image</value>
            </property>
            <property name="templateList" label="Templates">
                <value type="string">CustomImage,$(itemRoot)/templates/imagetemplate.html </value>
            </property>
            <property name="templateUrl" label="Template" viewHint="input=select-one,role=manager">
                <value type="string">$(itemRoot)/templates/imagetemplate.html</value>
            </property>
        </properties>
    </widget>
</catalog>
